Combination_Size,Datasets,Train_AUC_Mean,Train_AUC_Std,Validation_AUC_Mean,Validation_AUC_Std,Test_AUC_Mean,Test_AUC_Std
2,"[1, 75]",0.7955654777586461,0.4422981297418378,0.740017580986023,0.18702460065075582,0.5658974528312684,0.09628963639711068
2,"[1, 21]",0.8718016982078552,0.1530728126432178,0.7689376592636108,0.040331160423714395,0.6172053813934326,0.20597123598373546
2,"[1, 76]",0.6832072854042053,0.21054961890253626,0.6464091300964355,0.04661026929458414,0.5860269784927368,0.1927309179894466
2,"[1, 22]",0.7733288586139679,0.33614346482807345,0.6975417137145996,0.09184492267258829,0.5519053280353546,0.15686113864288037
2,"[1, 2]",0.701459813117981,0.21401027456951577,0.5947673559188843,0.07245740998140715,0.558795940876007,0.14824202661042887
2,"[1, 173]",0.9198558688163757,0.10505209489480731,0.7137665033340455,0.06569767428475806,0.5492487549781799,0.1461681164257433
2,"[1, 174]",0.8662575960159302,0.13884877404856094,0.6591264605522156,0.07865590811920387,0.4683023810386658,0.05874003890510394
2,"[1, 86]",0.6481752663850784,0.42721593544401887,0.552129077911377,0.07802441984181747,0.47329355776309967,0.13879987620628403
2,"[1, 87]",0.8936768889427185,0.08958449155453375,0.7372124671936036,0.11227760820761956,0.6234027028083802,0.11834765890888835
2,"[1, 84]",0.7546496748924255,0.17468083673377488,0.6445961356163025,0.19954487524562964,0.511251026391983,0.09640510370152221
2,"[75, 21]",0.7615071654319763,0.30313134245058765,0.6814749717712403,0.24551120954533073,0.5519712805747986,0.16964504306172276
2,"[75, 76]",0.5944734916090966,0.4862106371552498,0.5494424939155579,0.26693622300244324,0.6034690856933593,0.10695238846389472
2,"[75, 22]",0.7347762703895568,0.3550960802675188,0.6759306430816651,0.23930729389924857,0.5308801174163819,0.1356693654274829
2,"[75, 2]",0.715056523680687,0.3792636002552178,0.7546751737594605,0.08815554986984189,0.5958051383495331,0.1316869052193169
2,"[75, 173]",0.9725161552429199,0.0543866200787623,0.7326514720916748,0.11922734554939397,0.5910616219043732,0.1283219909273302
2,"[75, 174]",0.7783476948738098,0.2265156285165325,0.724688321352005,0.19500773848820147,0.5527298092842102,0.07888927096724511
2,"[75, 86]",0.6653520911931992,0.3944007767866696,0.6133889377117157,0.24278947170582205,0.5655623495578765,0.13889829952139057
2,"[75, 87]",0.9484843015670776,0.0616245512656568,0.6917339920997619,0.20305719478061035,0.5473480880260467,0.14460980459085035
2,"[75, 84]",0.9293626308441162,0.11225005593502572,0.6947366237640381,0.22608622156913008,0.529161536693573,0.1363065251195216
2,"[21, 76]",0.6404940575361252,0.3174800811362173,0.73404301404953,0.25148292669759437,0.49836658239364623,0.11252076697739194
2,"[21, 22]",0.7428948640823364,0.26706473254491125,0.6847234487533569,0.11672224334881466,0.5900357246398926,0.1475869932534151
2,"[21, 2]",0.8103586554527282,0.23946403081514714,0.6882002115249634,0.09494644036681493,0.548706591129303,0.02399412814964528
2,"[21, 173]",0.9359020233154297,0.06938733979013839,0.7317603230476379,0.11834688624148966,0.5272749960422516,0.09908624989039452
2,"[21, 174]",0.8112626671791077,0.1741698959784334,0.7014793634414673,0.1411428380699159,0.5325716614723206,0.10836496692973463
2,"[21, 86]",0.8627394556999206,0.11712858837411765,0.7817559361457824,0.05171476996594251,0.4692566514015198,0.1128751316714753
2,"[21, 87]",0.8697415947914123,0.06271685540676987,0.7389025449752807,0.08914113681194707,0.6000338077545166,0.17573795677723833
2,"[21, 84]",0.7070570409297943,0.30833202240870305,0.709091329574585,0.19910649826187438,0.4402455687522888,0.123871283276209
2,"[76, 22]",0.7816955675370991,0.4360513167876181,0.6773968398571014,0.16712025236768857,0.5316230297088623,0.16741693571215363
2,"[76, 2]",0.5767165645956993,0.4600938760050457,0.7564047574996948,0.14938773106010939,0.4983659267425537,0.1764183250627535
2,"[76, 173]",0.946444833278656,0.0488710781249991,0.5585864692926407,0.33412732452460414,0.5454344928264618,0.0806305507497815
2,"[76, 174]",0.8390036821365356,0.21054289087390385,0.6631475061178207,0.28115039042760487,0.5845024466514588,0.10024895076859396
2,"[76, 86]",0.7269104719161987,0.35606341840723815,0.6951097428798676,0.18360008476701542,0.6584318280220032,0.1253351150767357
2,"[76, 87]",0.836076021194458,0.11779327403063844,0.8199912071228027,0.18716495934406266,0.5731946468353272,0.08456670044176137
2,"[76, 84]",0.8987489581108093,0.06386994593716196,0.642831438779831,0.21829933122999426,0.6107409358024597,0.15983938510894308
2,"[22, 2]",0.8395051240921021,0.10849788175323959,0.6855135977268219,0.16671510193312722,0.45968223810195924,0.18916464001525726
2,"[22, 173]",0.8578413844108581,0.16683718050983679,0.6592186212539672,0.0765985187504178,0.5225073456764221,0.16734959018029516
2,"[22, 174]",0.8665342092514038,0.1772839199901266,0.7366549730300903,0.15029562789842169,0.5490547776222229,0.1363607712194053
2,"[22, 86]",0.8233895421028137,0.15048597523527316,0.7580289602279663,0.15071532190042727,0.5297219693660736,0.04732855489011352
2,"[22, 87]",0.8386358857154846,0.11666012436880972,0.7971905112266541,0.1264573933175899,0.4566186547279358,0.1043519677624388
2,"[22, 84]",0.7136911153793335,0.2601312038327723,0.6798551559448243,0.14795333091339835,0.48212454915046693,0.11327044659627332
2,"[2, 173]",0.7374703764915467,0.29603600791390217,0.6701931595802307,0.10582555202707865,0.5123971998691559,0.10938915319641201
2,"[2, 174]",0.693775075674057,0.27169733526591805,0.539609283208847,0.16780291415097026,0.5582953810691833,0.16088703349800224
2,"[2, 86]",0.869415545463562,0.08954549569967868,0.7554565310478211,0.1166965387258288,0.550727653503418,0.11399632449821763
2,"[2, 87]",0.7730437040328979,0.2014103376968244,0.7215978980064393,0.11814032904106221,0.6310476422309875,0.14699628431621037
2,"[2, 84]",0.6667881160974503,0.3170713402670032,0.6952194929122925,0.08345642782345757,0.5050357818603516,0.19573268612453887
2,"[173, 174]",0.7270353555679321,0.11646311706813754,0.6656935930252075,0.23531099455337076,0.5401374280452729,0.13708449074801718
2,"[173, 86]",0.5839482337236405,0.33236205400119045,0.6216900825500489,0.15616235267491269,0.4106885015964508,0.06413885966236127
2,"[173, 87]",0.8454103827476501,0.09953335523575078,0.7570763945579528,0.15370925564955193,0.5088198184967041,0.1450269652641835
2,"[173, 84]",0.818824315071106,0.10357186974659421,0.7511501550674439,0.08816589976280269,0.44697909951210024,0.11615025687866636
2,"[174, 86]",0.8037099838256836,0.15866774048985677,0.728011405467987,0.15131777817686567,0.5338595688343049,0.12936939458232005
2,"[174, 87]",0.8981309294700622,0.051630510347488175,0.7524451494216919,0.1212787668264302,0.4184245586395264,0.06181325556166019
2,"[174, 84]",0.8555773019790649,0.09363923095640556,0.7489596128463745,0.11109488307706314,0.5272613525390625,0.14101207980220454
2,"[86, 87]",0.8167581677436828,0.17089066802654002,0.6519315361976623,0.1446437174949003,0.491343629360199,0.12485325668086716
2,"[86, 84]",0.7107825934886932,0.24697601361964355,0.7843546986579895,0.11962619525377759,0.41502709686756134,0.14767524660269024
2,"[87, 84]",0.6603055819869041,0.4142162951133677,0.6424275636672974,0.16347395085493113,0.5536326169967651,0.049728241328311544
3,"[1, 2, 75]",0.8549154162406921,0.3035594573276937,0.6980070114135742,0.08018856431509187,0.6148559033870697,0.11039364067973693
3,"[1, 2, 76]",0.7297146946191788,0.3625424671636407,0.7393195867538452,0.14517015386719775,0.5362496018409729,0.07741952427325033
3,"[1, 2, 173]",0.8185607969760895,0.2626311412300736,0.6597717642784119,0.12077349784486963,0.48738369941711424,0.0804404076915477
3,"[1, 2, 84]",0.9016784787178039,0.16565907589462256,0.6554082632064819,0.21244431027931823,0.688387131690979,0.10948979919815044
3,"[1, 2, 21]",0.8918112874031067,0.0600499936958034,0.60255925655365,0.06793057318680086,0.5643617391586304,0.050110086112679766
3,"[1, 2, 86]",0.9583693623542786,0.052391787090364565,0.6180992305278779,0.13095151796110652,0.4887123107910156,0.11683653096848891
3,"[1, 2, 22]",0.7940524339675903,0.2158692153622417,0.6443854331970215,0.07425291833743221,0.5490965366363525,0.12196118152440334
3,"[1, 2, 87]",0.7809482663869858,0.42110591932860647,0.6186084568500518,0.1808153833284192,0.6156445205211639,0.13789948500015622
3,"[1, 75, 76]",0.9226283431053162,0.16096003781579923,0.6372256338596344,0.25208801330765274,0.5771804094314575,0.15289571231935783
3,"[1, 75, 173]",0.9623809456825256,0.0330092521531543,0.6816681385040283,0.15447842504921572,0.5270276188850402,0.15395387091964696
3,"[1, 75, 84]",0.8816927194595336,0.15421382790371324,0.7644205570220948,0.1480068182982377,0.6020791292190552,0.10854043297005238
3,"[1, 75, 21]",0.786063384078443,0.4370647541584118,0.7092361867427825,0.21513680748034805,0.5229075908660888,0.190767520636706
3,"[1, 75, 86]",0.7958865009248257,0.41601440558118385,0.7032177209854126,0.07904070077523616,0.6314092457294465,0.1443896425705656
3,"[1, 75, 22]",0.9078484535217285,0.1430189673402412,0.6524319589138031,0.2605076581729666,0.5696179449558259,0.19604779219108415
3,"[1, 75, 87]",0.8510974884033203,0.3073551813637525,0.7275943875312805,0.1330014380406817,0.5619450032711029,0.16987569602835614
3,"[1, 76, 173]",0.7174436586908997,0.4120717617826255,0.7839727759361267,0.12626792628453992,0.5122508883476258,0.1418225565728258
3,"[1, 76, 84]",0.7795325517654419,0.321468538570604,0.6984152793884277,0.15997679899268974,0.4535547852516174,0.13770532860127016
3,"[1, 76, 21]",0.5496752198785544,0.5031274442944903,0.6749253749847413,0.1875857375173442,0.5248485386371613,0.10590951739747173
3,"[1, 76, 86]",0.8796349167823792,0.17020063228962598,0.744372296333313,0.17205321078084101,0.5357437193393707,0.1751146346452441
3,"[1, 76, 22]",0.6354016799479723,0.40399777778139306,0.6674890279769897,0.07390011623457561,0.513741934299469,0.12295336531113983
3,"[1, 76, 87]",0.9556605815887451,0.06329491904177939,0.7554301857948303,0.13451672437810144,0.5779362082481384,0.0841523006253405
3,"[1, 173, 84]",0.6034590721130371,0.3684350214722454,0.6520588159561157,0.18793717493141207,0.5008242547512054,0.26750480002374927
3,"[1, 173, 21]",0.860626494884491,0.15812231824875764,0.740575087070465,0.07795465891974204,0.4380202412605286,0.10504671779481102
3,"[1, 173, 86]",0.8186786055564881,0.22619228011746603,0.6585337877273559,0.10296933058140709,0.5015260994434356,0.19014080602361946
3,"[1, 173, 22]",0.9401713728904724,0.06907294420047287,0.7763169169425964,0.10261284963352414,0.5267846584320068,0.1036878326481394
3,"[1, 173, 87]",0.9115069389343262,0.0921659104854005,0.6682001709938049,0.1645869750899226,0.5487519323825836,0.08271296574639363
3,"[1, 84, 21]",0.9525235891342163,0.03870842066305342,0.7395610213279724,0.1501030059309824,0.6854610562324523,0.12718601109564476
3,"[1, 84, 86]",0.9836194634437561,0.01873236728669565,0.7189464569091797,0.07505388577628376,0.5258263885974884,0.0591407766406291
3,"[1, 84, 22]",0.967108964920044,0.04992607428799636,0.7940956950187683,0.10300408285962596,0.5404435694217682,0.16841087838761223
3,"[1, 84, 87]",0.7276540152728558,0.3901980717215945,0.7266505718231201,0.12694537857155463,0.49317932724952696,0.09202427591288838
3,"[1, 21, 86]",0.9029889702796936,0.1586079329979079,0.7007067680358887,0.1601073654023916,0.5600209355354309,0.08716988207281902
3,"[1, 21, 22]",0.7536961197853088,0.3367739838646654,0.5830728828907012,0.22704132374520317,0.5694356441497803,0.1344595054419354
3,"[1, 21, 87]",0.9665557503700256,0.05363334205020158,0.6734504222869873,0.10547260966523637,0.5629940032958984,0.09353168007818348
3,"[1, 86, 22]",0.9085511684417724,0.07985890934789579,0.7273002922534942,0.1512547321188041,0.6061791718006134,0.19095489595213783
3,"[1, 86, 87]",0.8838246464729309,0.15029463512140154,0.6642756938934327,0.13059089272597593,0.5058650493621826,0.1106106966005391
3,"[1, 22, 87]",0.9364392995834351,0.07543660584104551,0.7266505837440491,0.08959957349616929,0.5830828189849854,0.14273395615417994
3,"[2, 75, 76]",0.9264523148536682,0.12156997335030018,0.6857594668865203,0.2154582402434509,0.632239294052124,0.18695509645186614
3,"[2, 75, 173]",0.74222791492939,0.3119328156965771,0.6399209856986999,0.08686029432701246,0.5770252227783204,0.05224043930854894
3,"[2, 75, 84]",0.8761740446090698,0.16102158958516374,0.7000175714492798,0.23769267103868838,0.5382751584053039,0.0672592267726356
3,"[2, 75, 21]",0.9388337969779968,0.07227584940866229,0.6835952639579773,0.19749494747217736,0.5480489313602448,0.13246968568135176
3,"[2, 75, 86]",0.7543623328208924,0.2154300608507769,0.7216769099235535,0.14984952433026372,0.5428683519363403,0.10978543909553654
3,"[2, 75, 22]",0.7926406934857368,0.3812289888811189,0.6637445092201233,0.20125226978091312,0.5210971593856811,0.17085875570702067
3,"[2, 75, 87]",0.7580528020858764,0.36784074612216633,0.7326602220535279,0.1859015841390943,0.569027841091156,0.12907071844038645
3,"[2, 76, 173]",0.7119218612089753,0.4050016098867947,0.6989376664161682,0.1710504182331857,0.5557898044586181,0.06510496678641757
3,"[2, 76, 84]",0.9335690140724182,0.04808647280283183,0.7597673416137696,0.11821721344041874,0.5572030544281006,0.04803574719011853
3,"[2, 76, 21]",0.9260638356208801,0.08382220998871491,0.7924890160560608,0.06399448837957099,0.5803514063358307,0.08342189296332295
3,"[2, 76, 86]",0.7114321112632751,0.24973863972133653,0.7417646944522858,0.22612008562406258,0.5250245690345764,0.11153150797102183
3,"[2, 76, 22]",0.9319915175437927,0.10110546107891717,0.7313169598579407,0.23394183488979475,0.5679391384124756,0.09652496270906855
3,"[2, 76, 87]",0.8112946212291717,0.3780662765317428,0.6847541809082032,0.2900228972833169,0.4671546459197998,0.1175985486461697
3,"[2, 173, 84]",0.8642581462860107,0.07787570029760996,0.7616022944450378,0.1287785978992567,0.5633951306343079,0.1460916532000985
3,"[2, 173, 21]",0.7773126006126404,0.2962986518780121,0.7315935254096985,0.15079456870382282,0.5117205262184144,0.09416958776558243
3,"[2, 173, 86]",0.666878467798233,0.3111911529392875,0.6323968291282653,0.18597989107480475,0.5052563667297363,0.1681853862193279
3,"[2, 173, 22]",0.8046658396720886,0.2268317631276414,0.633366996049881,0.2003237549341238,0.6178267478942872,0.12067129234801034
3,"[2, 173, 87]",0.7699982762336731,0.17627069540631032,0.6527611970901489,0.08317993032123619,0.5489735841751099,0.1539913040429643
3,"[2, 84, 21]",0.8707154393196106,0.17262549928351323,0.7959306597709656,0.07548025002455415,0.533468097448349,0.22396675886271333
3,"[2, 84, 86]",0.8593102097511292,0.14345928464053545,0.7935294151306153,0.12984432559507292,0.6303308665752411,0.11821523785080518
3,"[2, 84, 22]",0.8075287938117981,0.2111439698223038,0.7159087061882019,0.09616590008249729,0.5553280115127563,0.11388393864508511
3,"[2, 84, 87]",0.8292625069618225,0.1621819499077189,0.610035115480423,0.20211230382815878,0.5097042262554169,0.15638131363915322
3,"[2, 21, 86]",0.8219576239585876,0.1677555848357403,0.7169490814208984,0.18903247490851807,0.48785080909729006,0.15427577045321897
3,"[2, 21, 22]",0.7568805694580079,0.3559954818695066,0.5903204619884491,0.20398288531942668,0.4894483685493469,0.1523251154063363
3,"[2, 21, 87]",0.8002132654190064,0.2815395736115738,0.6159877121448517,0.17285740374938746,0.5485726535320282,0.10901790489657048
3,"[2, 86, 22]",0.8633388042449951,0.11921571377676184,0.722344183921814,0.09006168695076558,0.5264236450195312,0.1055708891832799
3,"[2, 86, 87]",0.814445960521698,0.10410160006759059,0.650776994228363,0.15253369967010813,0.5782048583030701,0.11476881220462185
3,"[2, 22, 87]",0.8604953408241272,0.16845366726375216,0.657949960231781,0.15980566401444343,0.5516471862792969,0.12294122225051075
3,"[75, 76, 173]",0.942166268825531,0.06429765740582251,0.5893239557743073,0.2177547786813002,0.5855035424232483,0.08711937752764572
3,"[75, 76, 84]",0.8969722390174866,0.0869047676754637,0.6803951144218445,0.15107204135560984,0.5126890361309051,0.1357051353815001
3,"[75, 76, 21]",0.6030069820582866,0.45054281444175703,0.6816637426614761,0.28138464669999735,0.4302122712135315,0.2007463822471127
3,"[75, 76, 86]",0.9596479773521424,0.06910432394703135,0.7491132736206054,0.15921884172684003,0.5538210272789001,0.1595041896607917
3,"[75, 76, 22]",0.9763930559158325,0.05152458307445089,0.7509613752365112,0.12840408017711574,0.5512194037437439,0.1628638067968531
3,"[75, 76, 87]",0.9155192136764526,0.10543221756942217,0.6668920278549194,0.1577374421740634,0.6126814365386963,0.12068929019751219
3,"[75, 173, 84]",0.706228232383728,0.2407971592737308,0.6976338863372803,0.09983513192781794,0.5307657420635223,0.11133199032201546
3,"[75, 173, 21]",0.8411025643348694,0.15676794112514536,0.6795390665531158,0.1257976468722863,0.549454665184021,0.11317255185881042
3,"[75, 173, 86]",0.8221302390098572,0.15004933588848307,0.7609130859375,0.12091985822549071,0.59126216173172,0.09787812961213836
3,"[75, 173, 22]",0.8982524991035461,0.171126252588866,0.7285865008831024,0.22266865695499471,0.6004353880882263,0.10304148805020279
3,"[75, 173, 87]",0.7571277126669884,0.4159967941205453,0.6872695446014404,0.22846966290865417,0.5616436839103699,0.08733749046749859
3,"[75, 84, 21]",0.7368585980962962,0.42092980381208794,0.6890956997871399,0.20232840224177698,0.5639976382255554,0.15123840276892536
3,"[75, 84, 86]",0.880201268196106,0.17081707405893257,0.6589508473873138,0.2639020336843285,0.5234073102474213,0.05489593177432544
3,"[75, 84, 22]",0.7941524416208268,0.43309298656944506,0.7276470541954041,0.133768406847922,0.5536169886589051,0.10074587324318385
3,"[75, 84, 87]",0.9722664952278137,0.03367010500517995,0.7036962151527405,0.12049862487301691,0.5919845342636109,0.13226973838656406
3,"[75, 21, 86]",0.697035342734307,0.44394074028881414,0.7464837670326233,0.12383692417596984,0.4831848621368408,0.12305639894479056
3,"[75, 21, 22]",0.9444147706031799,0.07859621735514341,0.6414530277252197,0.23561939409913188,0.5591484248638153,0.08632989179235649
3,"[75, 21, 87]",0.7614640831947327,0.2879644616142736,0.7607945561408996,0.14795162696812753,0.5575688242912292,0.13936647081815678
3,"[75, 86, 22]",0.8408824682235718,0.2114061415615296,0.7067164301872253,0.11225420306751704,0.5662973344326019,0.11452582260991796
3,"[75, 86, 87]",0.8039591193199158,0.34297429038319543,0.7337928175926208,0.10282473204181818,0.5372692048549652,0.11926998288469817
3,"[75, 22, 87]",0.9191025137901306,0.09905025879083598,0.6473705112934113,0.2911188912870837,0.49197874069213865,0.17875454287199175
3,"[76, 173, 84]",0.8514840602874756,0.1874051698840698,0.7401097416877747,0.15092421448966692,0.5959787547588349,0.17854923915430254
3,"[76, 173, 21]",0.9150689721107483,0.1261334651518904,0.6781036138534546,0.1591719215006449,0.5364341557025909,0.173607457730081
3,"[76, 173, 86]",0.7412898540496826,0.4104660208742913,0.7689552187919617,0.11282652675176437,0.5189512073993683,0.10075304351502512
3,"[76, 173, 22]",0.9043521165847779,0.19053975972499027,0.6416373968124389,0.23576019546642232,0.5538616478443146,0.08938444757254509
3,"[76, 173, 87]",0.9519807696342468,0.06244351039611163,0.7650307297706604,0.17196864092986985,0.5702320694923401,0.1184922496986588
3,"[76, 84, 21]",0.7288262709975243,0.3878952984179455,0.6532835960388184,0.22169068831124303,0.5121936619281768,0.18421247144132954
3,"[76, 84, 86]",0.7755837939679623,0.40826792872671813,0.7283845484256745,0.21984697400439637,0.5792483210563659,0.10408361880654914
3,"[76, 84, 22]",0.7076303049921989,0.4020995308130609,0.6925944089889526,0.1914021222866734,0.516018408536911,0.14737521560302097
3,"[76, 84, 87]",0.7005778968334198,0.3438638060892835,0.7461413621902466,0.1564950746304069,0.5000059306621552,0.19941369039775286
3,"[76, 21, 86]",0.8838258862495423,0.13032773373958761,0.6037708550691605,0.26240263738486697,0.5219496369361878,0.09217078198790128
3,"[76, 21, 22]",0.9240836858749389,0.14799324171958905,0.7020061671733856,0.20284521928732357,0.5908299326896668,0.13847271143172674
3,"[76, 21, 87]",0.8722096502780914,0.2662174282270916,0.699262511730194,0.28119016368641675,0.5164941906929016,0.14470199308128698
3,"[76, 86, 22]",0.9425808548927307,0.08196166943963408,0.7009745597839355,0.22251484141187552,0.5338754534721375,0.1378661924223272
3,"[76, 86, 87]",0.8006773591041565,0.25796832383076107,0.6053248524665833,0.13922762743135328,0.6121084928512573,0.04145135202552819
3,"[76, 22, 87]",0.7795440435409546,0.26877534454478075,0.6804828882217407,0.1373021169406222,0.6015274405479432,0.14396180240950573
3,"[173, 84, 21]",0.8926460266113281,0.08724687942669197,0.7163564682006835,0.13784436180557005,0.5715367078781128,0.12538390659988807
3,"[173, 84, 86]",0.6711917877197265,0.2129012039764448,0.735452139377594,0.1456868669323056,0.5281414210796356,0.18985918544047228
3,"[173, 84, 22]",0.8121966242790222,0.1778054770089818,0.7414705991744995,0.15434437596776313,0.4266049087047577,0.04668907822274699
3,"[173, 84, 87]",0.8199900031089783,0.10499854495817995,0.6358603954315185,0.046354062414630234,0.4823382258415222,0.05120198472537971
3,"[173, 21, 86]",0.8718338370323181,0.060236803220815364,0.6033274888992309,0.1174055461980699,0.5810459375381469,0.05636603041195705
3,"[173, 21, 22]",0.9336584210395813,0.08485959409001355,0.7097366094589234,0.16028880631558953,0.5185933589935303,0.08040874669301011
3,"[173, 21, 87]",0.825540018081665,0.16852055277789413,0.7662335276603699,0.1436610977775049,0.5356475532054901,0.12839381930853092
3,"[173, 86, 22]",0.9359710693359375,0.04979978022737008,0.7407023906707764,0.11280375975031305,0.561622166633606,0.10043118915125505
3,"[173, 86, 87]",0.8674977779388428,0.07030527385457619,0.7553248643875122,0.1188661665585445,0.54292151927948,0.13669212780839862
3,"[173, 22, 87]",0.7462754964828491,0.1693500082985037,0.6953028917312623,0.06986338520275541,0.4825863242149353,0.08408725893989659
3,"[84, 21, 86]",0.8857846617698669,0.09840629693533802,0.7557199239730835,0.18557211734449192,0.48268831372261045,0.10689206610170801
3,"[84, 21, 22]",0.8669798851013184,0.16215838475315877,0.6392142295837402,0.19338093697598197,0.4845062613487244,0.13978373304588862
3,"[84, 21, 87]",0.7878595471382142,0.190224564738966,0.7573924541473389,0.09686948453706548,0.4765960454940796,0.09258446631787016
3,"[84, 86, 22]",0.8385833263397217,0.2006938771419308,0.7598200261592865,0.19654832345376336,0.5940707981586456,0.12805793232552976
3,"[84, 86, 87]",0.7069834798574448,0.3307506315751335,0.6900395035743714,0.1602322272861638,0.5385671555995941,0.11889493627879383
3,"[84, 22, 87]",0.8307593822479248,0.11802287274969686,0.8206628441810608,0.08710790306894213,0.49580817222595214,0.10552125178495571
3,"[21, 86, 22]",0.8853534102439881,0.12666052027619348,0.69806410074234,0.1864600402861468,0.5343749523162842,0.19388391374049282
3,"[21, 86, 87]",0.8586068272590637,0.11171446378428022,0.7198858857154846,0.1021613166049678,0.5184230744838715,0.24832846097987601
3,"[21, 22, 87]",0.977730906009674,0.018900196459814684,0.7432045459747314,0.09646303088983266,0.5561695277690888,0.09701565158543644
3,"[86, 22, 87]",0.6885046094655991,0.3361387489958594,0.6896971166133881,0.12651503350562054,0.43472871780395506,0.05207377453942906
4,"[1, 2, 76, 173]",0.9840327858924866,0.017626186913969152,0.6446312606334687,0.22335672164973897,0.5167619585990906,0.11776871242412944
4,"[1, 2, 76, 84]",0.8809256315231323,0.16124074597146887,0.585605800151825,0.2811070785416682,0.6005712032318116,0.11803819959494773
4,"[1, 2, 76, 21]",0.9726270794868469,0.038745211390577704,0.6255179882049561,0.2713608910953261,0.5578372001647949,0.1716775142163188
4,"[1, 2, 76, 22]",0.7893122553825378,0.39510412293710745,0.7473046779632568,0.06392335389406745,0.6048305630683899,0.2395767187353123
4,"[1, 2, 76, 87]",0.9395740389823913,0.08469542770197057,0.7719007849693298,0.09415994116951791,0.5767342686653137,0.07423950096735361
4,"[1, 2, 76, 86]",0.9642027854919434,0.057502070678556096,0.6106848090887069,0.26348243176557307,0.6216251969337463,0.16906553954895584
4,"[1, 2, 173, 84]",0.933210551738739,0.058409459611515044,0.7682265162467956,0.07650967938220495,0.6358898997306823,0.07778216315484864
4,"[1, 2, 173, 21]",0.9668349027633667,0.04044505326272748,0.709714674949646,0.0614012043701082,0.597510302066803,0.09754042178583766
4,"[1, 2, 173, 22]",0.9598724842071533,0.04922118914128402,0.6562598824501038,0.13529627093781804,0.5242499887943268,0.12559610120479997
4,"[1, 2, 173, 87]",0.9142411708831787,0.05328108501211866,0.7727436423301697,0.10804446795658487,0.5142605066299438,0.09636273656163954
4,"[1, 2, 173, 86]",0.8343207359313964,0.23230575079017649,0.7439245223999024,0.1458899145252208,0.5447447597980499,0.04081229754936191
4,"[1, 2, 84, 21]",0.9509021282196045,0.0574810771145385,0.7315145015716553,0.1510925817891623,0.4940625846385956,0.12038891877144323
4,"[1, 2, 84, 22]",0.8886545300483704,0.17987242387626234,0.7599692463874816,0.07443411781073168,0.5416969895362854,0.11892002046353224
4,"[1, 2, 84, 87]",0.8710235476493835,0.15444181088314707,0.7506760239601136,0.09298469064666748,0.49304053783416746,0.08834791161120019
4,"[1, 2, 84, 86]",0.8693963885307312,0.15629662492848484,0.696106231212616,0.10933442865300977,0.44254674315452575,0.09461079773543382
4,"[1, 2, 21, 22]",0.8218992471694946,0.2891751074955841,0.6649824619293213,0.13598531160537625,0.5511829257011414,0.19479469394403198
4,"[1, 2, 21, 87]",0.8747945547103881,0.21151182608650274,0.656022846698761,0.0963501851652124,0.4734914183616638,0.12020458936731938
4,"[1, 2, 21, 86]",0.9682616472244263,0.040183995145615645,0.694811224937439,0.13376126176140524,0.5032446801662445,0.11003824976220847
4,"[1, 2, 22, 87]",0.8983123302459717,0.09338518788556681,0.6829104483127594,0.14699725628599783,0.5952829003334046,0.13467679922475773
4,"[1, 2, 22, 86]",0.9332730054855347,0.08659122230392348,0.7118569135665893,0.1803027271225461,0.5647795677185059,0.19085608213306932
4,"[1, 2, 87, 86]",0.9106353521347046,0.08152402651419077,0.6883318543434143,0.08873068499330572,0.6683905839920044,0.1173054532800662
4,"[1, 76, 173, 84]",0.7756010502576828,0.3398440593520391,0.7113389015197754,0.1898209943142351,0.5852108538150788,0.1571447195535415
4,"[1, 76, 173, 21]",0.9477414727210999,0.06512897942281792,0.7273046493530273,0.06777610040362915,0.5012548744678498,0.13979775469237765
4,"[1, 76, 173, 22]",0.9439563632011414,0.05409002052161344,0.7421685695648194,0.08037907721829655,0.48716068267822266,0.10705468347555046
4,"[1, 76, 173, 87]",0.8746721863746643,0.11935479649169795,0.6628885090351104,0.12874445712860877,0.5990755617618561,0.10842224900302395
4,"[1, 76, 173, 86]",0.7116137951612472,0.404634188059627,0.7768920183181762,0.13079766266897772,0.5009965360164642,0.16831134310562568
4,"[1, 76, 84, 21]",0.8678616881370544,0.26827928511340093,0.6833977282047272,0.2216394113291437,0.5068318843841553,0.14364676498985535
4,"[1, 76, 84, 22]",0.8352984607219696,0.33433269739131855,0.7132089495658874,0.1544455311204098,0.5069626092910766,0.18070970130158148
4,"[1, 76, 84, 87]",0.9661232113838196,0.03771862938733779,0.7414442539215088,0.13642594265916957,0.5680241644382477,0.10566087848265086
4,"[1, 76, 84, 86]",0.8678028345108032,0.22050083940788368,0.7506847977638245,0.21612976923468516,0.5705355644226074,0.1400914837141708
4,"[1, 76, 21, 22]",0.9844636917114258,0.012502066172985365,0.6872124791145324,0.2131361652574005,0.5805059731006622,0.138165467726566
4,"[1, 76, 21, 87]",0.8921430587768555,0.2347393283106572,0.7660403847694397,0.13067699429794707,0.5511547446250915,0.16620568903254088
4,"[1, 76, 21, 86]",0.7660250149667263,0.41342759469010754,0.6985864877700806,0.1812049191632901,0.5889044106006622,0.1063935278706292
4,"[1, 76, 22, 87]",0.876413881778717,0.16492969268826282,0.7824144244194031,0.12935231380027715,0.5829956829547882,0.1302477047669151
4,"[1, 76, 22, 86]",0.9429942727088928,0.07029509730317532,0.657115888595581,0.197679656429741,0.5627797245979309,0.19628164192996012
4,"[1, 76, 87, 86]",0.7867173339938744,0.43921407298641163,0.7300526618957519,0.10662468923435763,0.5383819341659546,0.12255873996515282
4,"[1, 173, 84, 21]",0.945560348033905,0.09040442517009399,0.6323485374450684,0.07285240098588212,0.6246749341487885,0.17713916493600812
4,"[1, 173, 84, 22]",0.7940748155117034,0.2378049182803861,0.7243283510208129,0.05762140536921114,0.46199625730514526,0.07763632059873128
4,"[1, 173, 84, 87]",0.8766339540481567,0.10729931448481429,0.8210667371749878,0.11844387394642576,0.5652364611625671,0.12408289907635352
4,"[1, 173, 84, 86]",0.9047876834869385,0.1424582258409015,0.787054443359375,0.10466541983285546,0.5047914505004882,0.1287493205698529
4,"[1, 173, 21, 22]",0.7818461358547211,0.2817508094651276,0.6803906917572021,0.09281058278414181,0.5019102573394776,0.07352268037494768
4,"[1, 173, 21, 87]",0.942345666885376,0.043144955699779844,0.8091132760047912,0.07647013250810022,0.5291632294654847,0.09586118757030568
4,"[1, 173, 21, 86]",0.9226287603378296,0.08337032874979755,0.7066110730171203,0.16682196814754444,0.5245724678039551,0.14406584416747129
4,"[1, 173, 22, 87]",0.9020005464553833,0.10244859336568259,0.6415715456008911,0.06656966185193967,0.5931682705879211,0.1392969266291668
4,"[1, 173, 22, 86]",0.8212403059005737,0.20782339431040023,0.7523661613464355,0.09957085145555765,0.5133512556552887,0.05999180442287112
4,"[1, 173, 87, 86]",0.8956764459609985,0.1453098288042405,0.6461808562278748,0.04290786948434368,0.557582002878189,0.10473183321072284
4,"[1, 84, 21, 22]",0.7977097392082214,0.27042789523081734,0.7136874675750733,0.20944224368019662,0.528055626153946,0.0756919817341436
4,"[1, 84, 21, 87]",0.970662784576416,0.043737086600029215,0.7252765655517578,0.1522661238355277,0.5076066732406617,0.1383558048984966
4,"[1, 84, 21, 86]",0.8342890977859497,0.1916272241205057,0.6975460767745971,0.16334381220203734,0.5615722894668579,0.06954024227549715
4,"[1, 84, 22, 87]",0.9058364748954773,0.12018661568651906,0.7699956297874451,0.13025795864898437,0.534574669599533,0.09527673537329684
4,"[1, 84, 22, 86]",0.8612957954406738,0.2919383349825204,0.7254872441291809,0.22295873243845327,0.5501861453056336,0.17695144452299227
4,"[1, 84, 87, 86]",0.8744371056556701,0.19101931801792216,0.6981563091278076,0.16388081626736958,0.5225314259529114,0.128607435106277
4,"[1, 21, 22, 87]",0.8932626128196717,0.16376495454590762,0.7538893818855286,0.1668613062839306,0.5594204425811767,0.12333444135582912
4,"[1, 21, 22, 86]",0.850932514667511,0.16598535717151594,0.6331079840660095,0.16923298049199745,0.4274819493293762,0.09617128681900021
4,"[1, 21, 87, 86]",0.9528256297111511,0.07224325649926609,0.7253687381744385,0.1424539970305979,0.5670105278491974,0.1582354139732665
4,"[1, 22, 87, 86]",0.9863288164138794,0.02607228486980397,0.6896444201469422,0.11743355761719489,0.5699871301651,0.1035284260323643
4,"[2, 76, 173, 84]",0.8166331768035888,0.2517802906917077,0.7325197577476501,0.1926006855679198,0.5848486065864563,0.05109463399185738
4,"[2, 76, 173, 21]",0.8588616013526916,0.09083187643713928,0.7365145087242126,0.0828962221295696,0.5758288502693176,0.10014076188416002
4,"[2, 76, 173, 22]",0.8934095144271851,0.11633290084216638,0.652752423286438,0.22333881220137286,0.5218929290771485,0.122878366000454
4,"[2, 76, 173, 87]",0.6638866424560547,0.39523418806043836,0.8108165264129639,0.12175431660837886,0.4419760644435883,0.03771546437765686
4,"[2, 76, 173, 86]",0.7632104423944839,0.42969122701865137,0.667721688747406,0.13128212210957974,0.5794933170080185,0.1996788389794755
4,"[2, 76, 84, 21]",0.8372654914855957,0.16237841045303733,0.7130641102790832,0.17703882006847063,0.6022992014884949,0.0699436967465741
4,"[2, 76, 84, 22]",0.9404848456382752,0.1129830106168409,0.683160662651062,0.18297479391315127,0.5766146123409271,0.13235058053074256
4,"[2, 76, 84, 87]",0.8829228162765503,0.13158580655681315,0.6770895600318909,0.1795635977700364,0.5068977653980256,0.07993636831986797
4,"[2, 76, 84, 86]",0.9598846077919007,0.02748138049373536,0.6265803396701812,0.3219302319761732,0.5565168261528015,0.10891301470715313
4,"[2, 76, 21, 22]",0.7737885240465403,0.4284371078613757,0.7026075482368469,0.18651492149152574,0.5373757243156433,0.10791015235343325
4,"[2, 76, 21, 87]",0.9948270916938782,0.005285209607168837,0.6519973874092102,0.15928398418630924,0.5954915165901185,0.10486144738706023
4,"[2, 76, 21, 86]",0.874977707862854,0.1748081859113176,0.6613959550857544,0.20441543566231085,0.5046910226345063,0.15025045528399097
4,"[2, 76, 22, 87]",0.9737765908241272,0.04464799641262481,0.7058033525943757,0.23613869476542482,0.5579209327697754,0.14555787294970643
4,"[2, 76, 22, 86]",0.8717123627662658,0.21382829035447323,0.7027699828147889,0.1422617552776742,0.5745051860809326,0.08507923300423692
4,"[2, 76, 87, 86]",0.8958320140838623,0.15366440757331548,0.567467087507248,0.22168796006773073,0.6345309138298034,0.09993630539379472
4,"[2, 173, 84, 21]",0.9332575917243957,0.07493583851237394,0.6880640983581543,0.0732602978409725,0.4916768431663513,0.11617954638418004
4,"[2, 173, 84, 22]",0.7984720468521118,0.3109624925155644,0.6664925575256347,0.1939158061797152,0.4930546462535858,0.05275662854990568
4,"[2, 173, 84, 87]",0.82787526845932,0.10714615253374547,0.749416184425354,0.10547344322119427,0.48361719846725465,0.10047386456731164
4,"[2, 173, 84, 86]",0.814779531955719,0.12202314117305847,0.8069095492362977,0.15756674670171714,0.5953778624534607,0.10197007158366837
4,"[2, 173, 21, 22]",0.9837761640548706,0.02143523067154609,0.792568051815033,0.11434360449150048,0.5438261270523072,0.10248182327008522
4,"[2, 173, 21, 87]",0.8434831380844117,0.23863745899648264,0.7278885245323181,0.16407023933478576,0.5197647869586944,0.12997547317254407
4,"[2, 173, 21, 86]",0.9276717066764831,0.03904452082910433,0.7201272904872894,0.16620235705273476,0.5475291848182678,0.09199054052504464
4,"[2, 173, 22, 87]",0.8949824452400208,0.0697071457582346,0.6784591913223267,0.1367235302108186,0.5132389903068543,0.2052165698701128
4,"[2, 173, 22, 86]",0.9131222605705261,0.06368964736301945,0.7194556713104248,0.20449189617640467,0.5189385831356048,0.24040043872214986
4,"[2, 173, 87, 86]",0.7518051266670227,0.1811993334927311,0.5694819986820221,0.21842082887418712,0.5477666616439819,0.03910275286274904
4,"[2, 84, 21, 22]",0.7224093168973923,0.36316655075194104,0.7588235259056091,0.13791069185857396,0.520277988910675,0.056447604084157124
4,"[2, 84, 21, 87]",0.7724726676940918,0.22493111286392414,0.725526773929596,0.14049245872988886,0.5599859476089477,0.06056558498651399
4,"[2, 84, 21, 86]",0.9199846744537353,0.06538044796084591,0.7830860495567322,0.144268339009733,0.5022854506969452,0.06767946412128872
4,"[2, 84, 22, 87]",0.9411488771438599,0.08728079846500272,0.7269139766693116,0.08732754747115011,0.5159963726997375,0.11582859494130157
4,"[2, 84, 22, 86]",0.5740368664264679,0.3238178058324132,0.679688322544098,0.10907073199981507,0.6014731168746948,0.14439595402762884
4,"[2, 84, 87, 86]",0.8424967765808106,0.06138628195178601,0.7483626067638397,0.16722782318539944,0.4966497838497162,0.1627311390966672
4,"[2, 21, 22, 87]",0.9807744264602661,0.03224387972063229,0.7383362531661988,0.1536649512195622,0.5199379920959473,0.08805584021365025
4,"[2, 21, 22, 86]",0.9230132222175598,0.09912963475400897,0.683266019821167,0.16617618245305943,0.5396596014499664,0.13246404502305945
4,"[2, 21, 87, 86]",0.8950816035270691,0.07548717052504919,0.6626821875572204,0.11655378690784571,0.4587227165699005,0.1286685158828002
4,"[2, 22, 87, 86]",0.9295140027999877,0.061952459512565734,0.7619052052497863,0.1447565306874736,0.535695242881775,0.13297238995358748
4,"[76, 173, 84, 21]",0.8736382842063903,0.18940230560154958,0.706435477733612,0.21173807513715617,0.5561684548854828,0.12633659317731086
4,"[76, 173, 84, 22]",0.8606514692306518,0.24385994719655263,0.7177831530570984,0.16543700612488196,0.5405713379383087,0.12970278671695662
4,"[76, 173, 84, 87]",0.6885873507708311,0.3836532747610175,0.6549649000167846,0.19164197774642688,0.605839478969574,0.12407477757341809
4,"[76, 173, 84, 86]",0.7115084260702134,0.3817005492675415,0.584986811876297,0.16352871991249548,0.47792657017707824,0.078386135888528
4,"[76, 173, 21, 22]",0.8058695554733276,0.29021217859027076,0.7520632147789001,0.13106918266088902,0.5122890055179596,0.17746235877332517
4,"[76, 173, 21, 87]",0.9561636567115783,0.0697447167657692,0.7225812375545502,0.17266837685874298,0.5098841488361359,0.16418520373033868
4,"[76, 173, 21, 86]",0.9096153378486633,0.15292077103581686,0.6543766736984253,0.14248556230644022,0.5479196667671203,0.11332614321600595
4,"[76, 173, 22, 87]",0.9237543106079101,0.08445500834545033,0.7727217197418212,0.0687453039578296,0.5072853684425354,0.1375720690774919
4,"[76, 173, 22, 86]",0.9742607593536377,0.032709381604070414,0.6826865613460541,0.19462390550762038,0.6346612453460694,0.10678661075105562
4,"[76, 173, 87, 86]",0.921400272846222,0.07586256194547501,0.7101975440979004,0.11708638112924956,0.5265510737895965,0.13144746594193502
4,"[76, 84, 21, 22]",0.8809758424758911,0.15715247789724107,0.6670324862003326,0.2969479922729113,0.5044709801673889,0.09069622447979346
4,"[76, 84, 21, 87]",0.8076995611190796,0.3037873508573391,0.6512774467468262,0.20133194874141172,0.5328042924404144,0.09659077945976013
4,"[76, 84, 21, 86]",0.8536258697509765,0.1280536091486895,0.6091527938842773,0.24903122137356382,0.5022974848747254,0.15653433757309543
4,"[76, 84, 22, 87]",0.9288921475410461,0.08040403724392535,0.75752854347229,0.23194934660343516,0.6259407639503479,0.1140485099336428
4,"[76, 84, 22, 86]",0.9455146074295044,0.06458313168677209,0.7088015913963318,0.10820974940415595,0.6289713501930236,0.09038099217841587
4,"[76, 84, 87, 86]",0.8283905506134033,0.19017614486601966,0.7364661931991577,0.09443436606089575,0.6413280427455902,0.15849732898016575
4,"[76, 21, 22, 87]",0.9002117991447449,0.04918375666043585,0.6788015842437745,0.19906384299187252,0.57071093916893,0.1845396374327169
4,"[76, 21, 22, 86]",0.822204801440239,0.3617164311283108,0.6123134434223175,0.27697200783689513,0.5393718838691711,0.20321830508613317
4,"[76, 21, 87, 86]",0.7327549427747726,0.3567116681642633,0.7509657621383667,0.15007340890991294,0.4951168179512024,0.07593171268692757
4,"[76, 22, 87, 86]",0.9770577549934387,0.03366807089559247,0.7507989525794982,0.1366684964120888,0.508575850725174,0.15430160416243213
4,"[173, 84, 21, 22]",0.9500059962272644,0.06491930693312997,0.7759174704551697,0.1807540302844625,0.4474897086620331,0.1159950179562721
4,"[173, 84, 21, 87]",0.8958780407905579,0.08672964711969607,0.8278226256370544,0.1181510691955942,0.41278099417686465,0.06922014747974742
4,"[173, 84, 21, 86]",0.8705483913421631,0.07515293279873878,0.7224978029727935,0.1353955361419007,0.5749150693416596,0.17703495976504408
4,"[173, 84, 22, 87]",0.9554903626441955,0.044418048177712936,0.7067471504211426,0.17830468196221372,0.5088084936141968,0.10816007859017752
4,"[173, 84, 22, 86]",0.7817205667495728,0.2806729917081838,0.755359947681427,0.1566810308058747,0.39721882343292236,0.11094703021134758
4,"[173, 84, 87, 86]",0.6894897624850274,0.3528874852987285,0.5474056303501129,0.19614271261205807,0.40930743217468263,0.04260776303822466
4,"[173, 21, 22, 87]",0.9819365978240967,0.012185320615186552,0.8197848916053772,0.16082816345422787,0.5493855237960815,0.09846870381443724
4,"[173, 21, 22, 86]",0.8934845209121705,0.09227286587677055,0.7951448559761047,0.12735987341149782,0.5516528725624085,0.10772508485283017
4,"[173, 21, 87, 86]",0.8500823020935059,0.15021387232832958,0.6693371415138245,0.14381709195030448,0.5304961323738098,0.11233790451038488
4,"[173, 22, 87, 86]",0.9394140601158142,0.055734383494243485,0.7775197505950928,0.07556110191554949,0.5105634808540345,0.08738796542347319
4,"[84, 21, 22, 87]",0.883030891418457,0.12824727689193802,0.7752151131629944,0.13697415932967733,0.553199952840805,0.10333757017356311
4,"[84, 21, 22, 86]",0.9526527523994446,0.0326046154845893,0.6120500445365906,0.24718434291330277,0.5019346535205841,0.06375004224271018
4,"[84, 21, 87, 86]",0.7191839635372161,0.31316873775825416,0.6669139742851258,0.1369592049273507,0.5737360000610352,0.1428034104211574
4,"[84, 22, 87, 86]",0.9382979154586792,0.05040271113859554,0.7286611199378967,0.0995941540887162,0.5119540810585022,0.0914302783565521
4,"[21, 22, 87, 86]",0.8579194664955139,0.17649189761044884,0.750259006023407,0.15762482010333626,0.55115305185318,0.11374398368282956
5,"[1, 2, 76, 173, 84]",0.820000422000885,0.1652164790776373,0.7008604049682617,0.17438344495187602,0.5480411052703857,0.12478341563294713
5,"[1, 2, 76, 173, 21]",0.8952134370803833,0.09868902148886344,0.6820456624031067,0.08596594308553197,0.555931556224823,0.1194577551344312
5,"[1, 2, 76, 173, 22]",0.8944081425666809,0.07965377049182991,0.7044863939285279,0.12113413259102011,0.5495094418525696,0.1656549776573563
5,"[1, 2, 76, 173, 87]",0.9445777654647827,0.048071507910129936,0.7794337153434754,0.09246743241114504,0.5909370899200439,0.1949783955509708
5,"[1, 2, 76, 173, 86]",0.9183562278747559,0.09150748746668196,0.5749604940414429,0.1838991346242715,0.5150372982025146,0.13148017671053921
5,"[1, 2, 76, 84, 21]",0.8528302192687989,0.22370823819786712,0.7698331952095032,0.14688378676391972,0.37617637813091276,0.11614685938995538
5,"[1, 2, 76, 84, 22]",0.7382148742675781,0.40160705106353384,0.7534284591674805,0.12605472839147888,0.635507607460022,0.0972434121919642
5,"[1, 2, 76, 84, 87]",0.7319162905216217,0.29406421549695927,0.5757111638784409,0.2473950200340819,0.49617683291435244,0.1001350737677803
5,"[1, 2, 76, 84, 86]",0.8170885145664215,0.25943071649148736,0.6782791972160339,0.19721244059154702,0.5439303398132325,0.14387096375347067
5,"[1, 2, 76, 21, 22]",0.8244105875492096,0.3236633921332595,0.7460315942764282,0.1165690978640341,0.5973466396331787,0.16896591406586478
5,"[1, 2, 76, 21, 87]",0.9403938412666321,0.056530848877769026,0.7033055424690247,0.14669652488646612,0.4861657738685608,0.09432349577134648
5,"[1, 2, 76, 21, 86]",0.9050151228904724,0.10567889775250706,0.7054038882255554,0.13877277506496005,0.5588439226150512,0.18180901220234788
5,"[1, 2, 76, 22, 87]",0.9303726315498352,0.09192702250295523,0.721707671880722,0.1537531586957094,0.5834410130977631,0.136184619975379
5,"[1, 2, 76, 22, 86]",0.9510254740715027,0.06420117629021861,0.7461589336395263,0.12105385926652219,0.5392096698284149,0.06466115300671048
5,"[1, 2, 76, 87, 86]",0.8456237614154816,0.3037912178714242,0.6613476634025574,0.20997214794675936,0.6194802343845367,0.14104539972788743
5,"[1, 2, 173, 84, 21]",0.9712473630905152,0.022439021931501872,0.709139597415924,0.17547598675234574,0.4882644295692444,0.10819082600794486
5,"[1, 2, 173, 84, 22]",0.916284728050232,0.0759871352023516,0.7889771938323975,0.16757524576599153,0.5216135323047638,0.12083914104249587
5,"[1, 2, 173, 84, 87]",0.8017846941947937,0.2878174027021472,0.6864047527313233,0.06109682063025787,0.4766230136156082,0.1701968496992276
5,"[1, 2, 173, 84, 86]",0.7543859660625458,0.37810759903798347,0.6109262466430664,0.26574471264422017,0.4935178399085999,0.17567942025938796
5,"[1, 2, 173, 21, 22]",0.938199520111084,0.061918075378146385,0.7365364551544189,0.12800615053931894,0.5111064612865448,0.1713141161421948
5,"[1, 2, 173, 21, 87]",0.956710696220398,0.04578469393984366,0.6921246767044067,0.1420443312491582,0.5239243566989898,0.09684386459951777
5,"[1, 2, 173, 21, 86]",0.8558338165283204,0.3068154229041519,0.7497146844863891,0.07215484854249839,0.5196809768676758,0.12475568472558908
5,"[1, 2, 173, 22, 87]",0.887200403213501,0.18205387190145883,0.7893108129501343,0.11791724031006512,0.4513418197631836,0.11580465738703406
5,"[1, 2, 173, 22, 86]",0.9370089292526245,0.06299649511218865,0.749060595035553,0.08897795329597738,0.5317107677459717,0.08782146811381591
5,"[1, 2, 173, 87, 86]",0.7985461980104447,0.3883755009164299,0.656966644525528,0.1510834655958624,0.5232315957546234,0.09207472637664997
5,"[1, 2, 84, 21, 22]",0.7416444420814514,0.25152091102599805,0.6819622576236725,0.14068179487214857,0.6093962550163269,0.1029718186723444
5,"[1, 2, 84, 21, 87]",0.949084734916687,0.07534729338163042,0.7076865553855896,0.10715959087743314,0.5606308698654174,0.1192350948324945
5,"[1, 2, 84, 21, 86]",0.9345686554908752,0.08776723353599383,0.6957638263702393,0.11367266649264622,0.5342166006565094,0.1053025324092371
5,"[1, 2, 84, 22, 87]",0.7804577007889748,0.4032513833225715,0.6704521477222443,0.2545347771422161,0.6829946279525757,0.06404985854609598
5,"[1, 2, 84, 22, 86]",0.8876566171646119,0.1576588465872565,0.7322476029396057,0.07324453731305164,0.5180621266365051,0.0757746989944378
5,"[1, 2, 84, 87, 86]",0.8845276355743408,0.15220041405718826,0.7486084222793579,0.20342242678363667,0.5839619278907776,0.11143054775592139
5,"[1, 2, 21, 22, 87]",0.9790352940559387,0.01652209174191479,0.7040430188179017,0.13101702487977346,0.4867287874221802,0.09334079677130744
5,"[1, 2, 21, 22, 86]",0.8681027293205261,0.17327037073377122,0.7782396674156189,0.08695060917242566,0.6202884674072265,0.09444739887522632
5,"[1, 2, 21, 87, 86]",0.8889569044113159,0.1455958010482758,0.6837313532829284,0.16059989245331988,0.6049803853034973,0.1376668068008793
5,"[1, 2, 22, 87, 86]",0.8986656904220581,0.07830703018446022,0.645482873916626,0.15171172489481943,0.5584791660308838,0.15351362783497294
5,"[1, 76, 173, 84, 21]",0.9794316291809082,0.039317323066553396,0.6640210628509522,0.22777610792466935,0.5637114524841309,0.09327626046453749
5,"[1, 76, 173, 84, 22]",0.808165180683136,0.2561892308420409,0.6930333852767945,0.21524869404721442,0.5153389275074005,0.2448936319733577
5,"[1, 76, 173, 84, 87]",0.9191774964332581,0.10737879932095735,0.618709397315979,0.3009817590903751,0.5891022086143494,0.12160717707400669
5,"[1, 76, 173, 84, 86]",0.9891186833381653,0.012335110865028406,0.6856145858764648,0.12424461105588572,0.6264355659484864,0.1289349823962224
5,"[1, 76, 173, 21, 22]",0.9344416499137879,0.11628968841797128,0.7491483926773072,0.17334450359684977,0.5086541533470154,0.09234894320416791
5,"[1, 76, 173, 21, 87]",0.7924674093723297,0.2936771615735226,0.7249385297298432,0.21906024175722225,0.4386685431003571,0.16621217420850473
5,"[1, 76, 173, 21, 86]",0.9471375226974488,0.06659366679958766,0.6774100303649903,0.23918886536658424,0.5462360978126526,0.15349092930214112
5,"[1, 76, 173, 22, 87]",0.9587007164955139,0.04812039331297005,0.6272388100624084,0.13736740552288992,0.5678547501564026,0.07566627349313847
5,"[1, 76, 173, 22, 86]",0.8327011346817017,0.25584357734253405,0.7215496063232422,0.10042755686314722,0.5753683567047119,0.12893701071424643
5,"[1, 76, 173, 87, 86]",0.8923922181129456,0.14533094568323363,0.6935733199119568,0.14861240847491622,0.5711685657501221,0.08375927054291207
5,"[1, 76, 84, 21, 22]",0.7792952056974173,0.42146656221925527,0.7347673654556275,0.14078664324372572,0.5946790456771851,0.16433777056932705
5,"[1, 76, 84, 21, 87]",0.9800213575363159,0.012812745731564937,0.6924934267997742,0.08007972796244987,0.5434895932674408,0.146392590386496
5,"[1, 76, 84, 21, 86]",0.7924137741327286,0.3936369143323874,0.6645346820354462,0.23961959067508012,0.4697120189666748,0.06899367044936824
5,"[1, 76, 84, 22, 87]",0.9495566725730896,0.06517241781944227,0.7202107191085816,0.1008649991723029,0.6019403100013733,0.14819523798400092
5,"[1, 76, 84, 22, 86]",0.9538663983345032,0.08478795167899922,0.6628621578216553,0.17661375936342086,0.5759753227233887,0.14635828187943759
5,"[1, 76, 84, 87, 86]",0.9107732772827148,0.10674708320447207,0.655570673942566,0.21255147000625824,0.5325216174125671,0.1629647454295232
5,"[1, 76, 21, 22, 87]",0.8214719027280808,0.3827416456467668,0.6999473333358764,0.13260259563358387,0.5196152031421661,0.16590483192439598
5,"[1, 76, 21, 22, 86]",0.8045787751674652,0.3936610918838768,0.6968393206596375,0.1958646910732334,0.5192624568939209,0.16272840027522772
5,"[1, 76, 21, 87, 86]",0.716494232416153,0.393799455042564,0.6983626246452331,0.12014075956011457,0.4933371841907501,0.14473296666305224
5,"[1, 76, 22, 87, 86]",0.950209379196167,0.06817949340468196,0.7097146511077881,0.11364824930379529,0.6426957726478577,0.06041610773967951
5,"[1, 173, 84, 21, 22]",0.880010187625885,0.23463615768731738,0.6338893890380859,0.10531106394535243,0.5682709753513336,0.10951758133193419
5,"[1, 173, 84, 21, 87]",0.8986624121665955,0.1098299636151098,0.8046444296836853,0.08264982893380798,0.5266126751899719,0.06912391364728689
5,"[1, 173, 84, 21, 86]",0.9022597670555115,0.12739355810537165,0.7025065898895264,0.19249090457774873,0.5572429716587066,0.16300074829341546
5,"[1, 173, 84, 22, 87]",0.9192616462707519,0.11024776303236794,0.7700307250022889,0.06857407338879522,0.5169909775257111,0.13052831024751052
5,"[1, 173, 84, 22, 86]",0.9659477114677429,0.061150133114071935,0.6983626067638398,0.14993695393594716,0.48245392441749574,0.13908387381663548
5,"[1, 173, 84, 87, 86]",0.9692453384399414,0.0326145298848876,0.581382793188095,0.13557449427865,0.5579276263713837,0.15219679060370767
5,"[1, 173, 21, 22, 87]",0.9566380620002747,0.05835720467588267,0.7070237159729004,0.1732031441850201,0.5872805297374726,0.1453478744404427
5,"[1, 173, 21, 22, 86]",0.9852396488189697,0.020430798016021583,0.6900526762008667,0.0786173292893114,0.5587534606456757,0.16428729148751578
5,"[1, 173, 21, 87, 86]",0.9454489827156067,0.051708427329094156,0.7193415522575378,0.06779930353819748,0.5696389675140381,0.13210518410836966
5,"[1, 173, 22, 87, 86]",0.9953071713447571,0.004293991150730098,0.7529762983322144,0.0852804975815511,0.48346253037452697,0.12171463306555201
5,"[1, 84, 21, 22, 87]",0.9766072869300843,0.0472484197934212,0.7835557579994201,0.054248646495690125,0.48167351484298704,0.1778021377840853
5,"[1, 84, 21, 22, 86]",0.9357906937599182,0.12879337221681203,0.6443151772022248,0.16468722095950875,0.4825002670288086,0.0379171350610178
5,"[1, 84, 21, 87, 86]",0.9637964844703675,0.04692579918128215,0.738779628276825,0.10037370930668489,0.5111198365688324,0.17395058533096344
5,"[1, 84, 22, 87, 86]",0.9013799667358399,0.11577802697725938,0.7103555798530579,0.09149599856610793,0.63131765127182,0.1362419427974954
5,"[1, 21, 22, 87, 86]",0.985077953338623,0.025424786369040196,0.6088366806507111,0.21399183450016893,0.5834224343299865,0.06847239424724354
5,"[2, 76, 173, 84, 21]",0.9835141420364379,0.019262659060707007,0.7110008776187897,0.20867082190533687,0.5517205655574798,0.07728018989311465
5,"[2, 76, 173, 84, 22]",0.9119181752204895,0.11931739415465628,0.7052195012569428,0.1549419692248569,0.485841166973114,0.1080628698633021
5,"[2, 76, 173, 84, 87]",0.6845142036676407,0.41695558857115705,0.7164354681968689,0.16168479201283603,0.5727861046791076,0.16112952176924253
5,"[2, 76, 173, 84, 86]",0.7790096640586853,0.18900882159304977,0.7497058987617493,0.1728331813585776,0.45920387506484983,0.09132039830951517
5,"[2, 76, 173, 21, 22]",0.9230465054512024,0.07438526899899223,0.6309569656848908,0.2468987709026239,0.4676514208316803,0.13883001066998876
5,"[2, 76, 173, 21, 87]",0.8893129408359528,0.21970307066083347,0.7909657716751098,0.13365954886220516,0.5624486446380615,0.1173481201768341
5,"[2, 76, 173, 21, 86]",0.7411024734377861,0.40177751130548073,0.5912467122077942,0.1399483247435092,0.5320599496364593,0.08978839260485738
5,"[2, 76, 173, 22, 87]",0.9446720004081726,0.10429388344708533,0.6956101894378662,0.20942970030898425,0.5892678618431091,0.032736009070972606
5,"[2, 76, 173, 22, 86]",0.9889649391174317,0.008472568174952287,0.7060579538345337,0.09125259413277097,0.5345159113407135,0.12399619652007554
5,"[2, 76, 173, 87, 86]",0.8952814936637878,0.13955010686494246,0.7350526809692383,0.11405734219961089,0.6162088990211487,0.11688017560744432
5,"[2, 76, 84, 21, 22]",0.9648585081100464,0.04624631525278897,0.7739069700241089,0.10429466738674771,0.5499935030937195,0.09722618089241028
5,"[2, 76, 84, 21, 87]",0.8312613129615783,0.21397276358021056,0.6533011555671692,0.14039691575734486,0.49137355089187623,0.13949021502478043
5,"[2, 76, 84, 21, 86]",0.9508206129074097,0.10205731114072479,0.8244644522666931,0.08596039367331322,0.4969001352787018,0.12940724229656297
5,"[2, 76, 84, 22, 87]",0.863339900970459,0.2152117512527616,0.6877875566482544,0.27963898071360327,0.5583818435668946,0.09798082135580023
5,"[2, 76, 84, 22, 86]",0.766234177350998,0.2471440321262102,0.6943634986877442,0.1614494503167479,0.44865806102752687,0.08183766284331767
5,"[2, 76, 84, 87, 86]",0.8076269924640656,0.3499546270504276,0.6576207309961319,0.2844384374630127,0.49937320947647096,0.11823250107951927
5,"[2, 76, 21, 22, 87]",0.9124919891357421,0.1763782482697553,0.7798024773597717,0.08835663229591212,0.5077313959598542,0.10590512486267961
5,"[2, 76, 21, 22, 86]",0.9786352753639221,0.03402318929926065,0.755820894241333,0.08997823367983307,0.499712336063385,0.06365337965221342
5,"[2, 76, 21, 87, 86]",0.790892232209444,0.4082274018953186,0.6055443346500397,0.30643113345335005,0.4795409798622131,0.1585200609830241
5,"[2, 76, 22, 87, 86]",0.9030293822288513,0.13518879658446206,0.7820105433464051,0.1001413350123889,0.5511401534080506,0.11750825983727675
5,"[2, 173, 84, 21, 22]",0.8959792613983154,0.07199763228886902,0.7784460067749024,0.07912171971268726,0.5994077086448669,0.14719748892811507
5,"[2, 173, 84, 21, 87]",0.7919315338134766,0.17928639604990054,0.7383143067359924,0.2698729734351423,0.48381379842758176,0.08532877960147985
5,"[2, 173, 84, 21, 86]",0.8873275995254517,0.11650990211126629,0.6920368790626525,0.13295540462325472,0.4259247839450836,0.11056534349744815
5,"[2, 173, 84, 22, 87]",0.776608019322157,0.4274789537446872,0.7572256445884704,0.14259625270907483,0.3799874663352966,0.06178131017140783
5,"[2, 173, 84, 22, 86]",0.8333364248275756,0.14501540775974867,0.7359833419322968,0.17268289094092013,0.4496076345443726,0.05403789107943822
5,"[2, 173, 84, 87, 86]",0.8887963771820069,0.07426862411405952,0.7046444177627563,0.11374325968815295,0.4555423676967621,0.041316495796655556
5,"[2, 173, 21, 22, 87]",0.9478047490119934,0.05370925380521151,0.7689113259315491,0.08915844529815081,0.5617583870887757,0.13426825641122722
5,"[2, 173, 21, 22, 86]",0.9185807585716248,0.12188723092858501,0.7047585487365723,0.13462259111665986,0.5895437121391296,0.1489497957519293
5,"[2, 173, 21, 87, 86]",0.8116057276725769,0.18754667769355754,0.7025153756141662,0.13330521406816592,0.5091892600059509,0.11023108226932296
5,"[2, 173, 22, 87, 86]",0.785825538635254,0.18784398803639255,0.6962730526924134,0.12162817179887611,0.5124054431915284,0.09222278718503207
5,"[2, 84, 21, 22, 87]",0.8501194834709167,0.15999527870353678,0.7351975321769715,0.1889922848643659,0.44266182482242583,0.16075223558947668
5,"[2, 84, 21, 22, 86]",0.8920792698860168,0.11748819226931437,0.6621641695499421,0.15429489214066475,0.4654784470796585,0.1614412684430781
5,"[2, 84, 21, 87, 86]",0.9512805461883544,0.04247908757393983,0.7625153660774231,0.0473358111136765,0.48972398042678833,0.12895110908130544
5,"[2, 84, 22, 87, 86]",0.9421775102615356,0.06270761870896202,0.7100526928901673,0.1192404551564093,0.516326117515564,0.14326099874913706
5,"[2, 21, 22, 87, 86]",0.7794092923402787,0.4190862383998889,0.689969277381897,0.1175035381398604,0.5371114492416382,0.09191415123032161
5,"[76, 173, 84, 21, 22]",0.8221987962722779,0.2525672066024654,0.698494303226471,0.18206831055103662,0.5356877505779266,0.11361504905445687
5,"[76, 173, 84, 21, 87]",0.7475912667345256,0.4194319887315407,0.7323529362678528,0.17927293044894022,0.619908607006073,0.1258171986288174
5,"[76, 173, 84, 21, 86]",0.7999466717243194,0.3074378206801531,0.671918374300003,0.15523139188793067,0.5585722088813782,0.13322133592591096
5,"[76, 173, 84, 22, 87]",0.9450878739356995,0.053708209221990835,0.7367076396942138,0.1435260279018841,0.6021892309188843,0.14235460742326356
5,"[76, 173, 84, 22, 86]",0.8461693048477172,0.2796702264219428,0.6754214406013489,0.10548619961501247,0.4925553619861603,0.06750466906461669
5,"[76, 173, 84, 87, 86]",0.8038353741168975,0.3610690873187764,0.7345303177833558,0.13795626245047415,0.5102514803409577,0.12221425587042314
5,"[76, 173, 21, 22, 87]",0.9574905872344971,0.08490440408840426,0.7141264498233795,0.17618580590042754,0.60540851354599,0.12189987788219488
5,"[76, 173, 21, 22, 86]",0.8794143915176391,0.17586269857609238,0.780140495300293,0.09520487566129043,0.522340053319931,0.07353291620546774
5,"[76, 173, 21, 87, 86]",0.9726231813430786,0.030434722232874384,0.7128358125686646,0.17681107409769556,0.5377195239067077,0.07314206479719339
5,"[76, 173, 22, 87, 86]",0.86983163356781,0.23470249449653596,0.7671641826629638,0.15038263766383966,0.5529825270175934,0.09445013742948354
5,"[76, 84, 21, 22, 87]",0.8999936819076538,0.16173650440433873,0.6591527700424195,0.2464448799053999,0.5070858836174011,0.1707368270179868
5,"[76, 84, 21, 22, 86]",0.8433687686920166,0.2563835475235487,0.7371554136276245,0.12998761683878338,0.5188664972782135,0.09168062926099488
5,"[76, 84, 21, 87, 86]",0.8595439314842224,0.272310559419174,0.7206233739852905,0.13663516945655982,0.46899312138557436,0.08816420868720241
5,"[76, 84, 22, 87, 86]",0.9243194103240967,0.12244894499734507,0.6195346593856812,0.21081113734874588,0.6059159278869629,0.10640891044402909
5,"[76, 21, 22, 87, 86]",0.9778209805488587,0.023099451739036155,0.6349341630935669,0.2629472332908734,0.48755943179130556,0.14266084644198707
5,"[173, 84, 21, 22, 87]",0.8775346040725708,0.14539413792677633,0.6945654273033142,0.08396596770333196,0.49038161635398864,0.158429658145613
5,"[173, 84, 21, 22, 86]",0.918746292591095,0.08973105310104379,0.7486567258834839,0.21433710913799672,0.508677887916565,0.08630601769935119
5,"[173, 84, 21, 87, 86]",0.8964805364608764,0.10345362358112543,0.8015803456306457,0.12126789703422942,0.4755361616611481,0.053798524741020495
5,"[173, 84, 22, 87, 86]",0.7500562280416488,0.40159364190654157,0.7538586497306824,0.13547492440165843,0.5214569807052613,0.09188004794758442
5,"[173, 21, 22, 87, 86]",0.90245361328125,0.13818032577508166,0.7072607755661011,0.15276596978453552,0.4881501793861389,0.124197847522175
5,"[84, 21, 22, 87, 86]",0.9774203300476074,0.02340942070486191,0.7613784193992614,0.15666558385250134,0.48227975964546205,0.11370325899679853
